state	action
0	1
1	0
2	0
3	-1
4	-1
5	-1
6	-1
7	-1
8	0
9	0
10	-1
11	-1
12	-1
13	-1
14	-1
15	0
16	0
17	0
18	-1
19	-1
20	-1
21	-1
22	0
23	0
24	0
25	0
26	-1
27	-1
28	-1
29	-1
30	-1
31	0
32	0
33	0
34	-1
35	-1
36	-1
37	-1
38	-1
39	1
40	0
41	0
42	-1
43	-1
44	-1
45	-1
46	-1
47	1
48	0
49	0
50	-1
51	-1
52	-1
53	0
54	1
55	0
56	0
57	0
58	-1
59	1
60	1
61	1
62	1
63	0
64	0
65	-1
66	1
67	1
68	1
69	1
70	1
71	0
72	0
73	0
74	0
75	1
76	1
77	1
78	1
79	-1
80	0
81	0
82	1
83	0
84	1
85	1
86	0
87	0
88	0
89	0
90	1
91	1
92	1
93	0
94	1
95	0
96	0
97	0
98	1
99	1
100	1
101	1
102	1
103	0
104	0
105	0
106	0
107	1
108	1
109	1
110	1
111	0
112	0
113	0
114	1
115	1
116	1
117	1
118	0
119	0
120	1
121	1
122	1
123	1
124	1
125	0
126	0
127	-1
128	0
129	1
130	0
131	-1
132	-1
133	-1
134	-1
135	-1
136	0
137	0
138	-1
139	-1
140	-1
141	-1
142	-1
143	-1
144	0
145	0
146	1
147	-1
148	-1
149	0
150	0
151	-1
152	1
153	0
154	-1
155	-1
156	-1
157	-1
158	-1
159	0
160	0
161	0
162	-1
163	-1
164	-1
165	-1
166	-1
167	0
168	0
169	0
170	-1
171	0
172	-1
173	-1
174	0
175	1
176	0
177	0
178	-1
179	1
180	-1
181	0
182	-1
183	0
184	0
185	0
186	-1
187	1
188	-1
189	1
190	1
191	0
192	0
193	-1
194	1
195	1
196	1
197	1
198	1
199	0
200	0
201	-1
202	0
203	0
204	1
205	1
206	1
207	0
208	0
209	-1
210	-1
211	0
212	1
213	1
214	1
215	0
216	0
217	1
218	0
219	1
220	1
221	0
222	1
223	0
224	0
225	0
226	1
227	1
228	1
229	1
230	1
231	0
232	0
233	0
234	1
235	1
236	1
237	1
238	1
239	0
240	0
241	0
242	1
243	1
244	1
245	1
246	1
247	0
248	1
249	1
250	1
251	1
252	1
253	0
254	0
255	-1
256	-1
257	0
258	0
259	0
260	-1
261	-1
262	-1
263	-1
264	0
265	0
266	-1
267	0
268	-1
269	-1
270	-1
271	-1
272	0
273	0
274	-1
275	-1
276	-1
277	-1
278	-1
279	0
280	1
281	0
282	-1
283	-1
284	-1
285	-1
286	0
287	-1
288	0
289	0
290	-1
291	1
292	1
293	-1
294	-1
295	0
296	0
297	0
298	-1
299	-1
300	-1
301	-1
302	-1
303	1
304	0
305	0
306	-1
307	0
308	-1
309	0
310	0
311	1
312	0
313	0
314	-1
315	0
316	0
317	-1
318	-1
319	0
320	0
321	0
322	1
323	1
324	0
325	1
326	1
327	0
328	0
329	-1
330	1
331	1
332	1
333	1
334	1
335	0
336	0
337	0
338	1
339	0
340	1
341	1
342	1
343	0
344	0
345	0
346	1
347	1
348	1
349	1
350	1
351	0
352	0
353	0
354	0
355	0
356	1
357	1
358	1
359	0
360	0
361	0
362	1
363	1
364	1
365	1
366	0
367	0
368	1
369	0
370	-1
371	1
372	1
373	0
374	0
375	0
376	0
377	1
378	1
379	1
380	1
381	1
382	0
383	0
384	-1
385	0
386	0
387	-1
388	0
389	-1
390	-1
391	0
392	0
393	0
394	0
395	-1
396	0
397	-1
398	-1
399	1
400	-1
401	0
402	0
403	-1
404	-1
405	-1
406	0
407	0
408	1
409	0
410	-1
411	-1
412	-1
413	-1
414	-1
415	0
416	1
417	0
418	-1
419	-1
420	1
421	-1
422	-1
423	-1
424	0
425	0
426	-1
427	-1
428	-1
429	0
430	-1
431	1
432	0
433	0
434	-1
435	-1
436	-1
437	0
438	1
439	1
440	0
441	0
442	0
443	0
444	1
445	0
446	1
447	1
448	0
449	-1
450	-1
451	1
452	1
453	0
454	1
455	0
456	0
457	-1
458	0
459	1
460	1
461	0
462	1
463	0
464	0
465	1
466	0
467	0
468	1
469	0
470	1
471	0
472	-1
473	0
474	1
475	0
476	1
477	1
478	1
479	0
480	1
481	1
482	1
483	1
484	0
485	1
486	0
487	0
488	0
489	1
490	1
491	1
492	1
493	1
494	0
495	0
496	0
497	1
498	1
499	1
500	1
501	0
502	0
503	0
504	1
505	0
506	1
507	1
508	1
509	-1
510	0
511	0
512	-1
513	0
514	0
515	0
516	-1
517	0
518	-1
519	-1
520	0
521	-1
522	0
523	-1
524	-1
525	0
526	-1
527	-1
528	-1
529	0
530	0
531	-1
532	-1
533	0
534	-1
535	-1
536	-1
537	0
538	-1
539	-1
540	-1
541	0
542	-1
543	-1
544	1
545	0
546	-1
547	-1
548	-1
549	-1
550	0
551	-1
552	1
553	0
554	-1
555	-1
556	-1
557	0
558	-1
559	0
560	0
561	0
562	-1
563	-1
564	0
565	-1
566	0
567	-1
568	0
569	0
570	-1
571	1
572	0
573	1
574	-1
575	1
576	0
577	-1
578	1
579	1
580	0
581	1
582	1
583	1
584	0
585	1
586	1
587	1
588	0
589	-1
590	1
591	0
592	0
593	1
594	0
595	1
596	0
597	1
598	1
599	0
600	1
601	1
602	1
603	0
604	1
605	1
606	1
607	0
608	1
609	1
610	1
611	0
612	1
613	1
614	1
615	0
616	0
617	0
618	0
619	1
620	1
621	0
622	0
623	0
624	0
625	1
626	1
627	1
628	0
629	0
630	0
631	0
632	0
633	1
634	1
635	1
636	0
637	0
638	0
639	0
640	-1
641	0
642	0
643	-1
644	-1
645	-1
646	-1
647	0
648	0
649	0
650	0
651	-1
652	-1
653	0
654	-1
655	0
656	-1
657	-1
658	1
659	-1
660	-1
661	-1
662	-1
663	-1
664	0
665	1
666	1
667	-1
668	-1
669	-1
670	-1
671	0
672	-1
673	0
674	0
675	-1
676	-1
677	-1
678	0
679	-1
680	1
681	0
682	-1
683	-1
684	-1
685	0
686	-1
687	0
688	1
689	0
690	-1
691	-1
692	-1
693	-1
694	0
695	0
696	0
697	-1
698	-1
699	0
700	0
701	1
702	0
703	0
704	0
705	-1
706	0
707	1
708	1
709	0
710	0
711	1
712	0
713	1
714	1
715	0
716	0
717	1
718	1
719	1
720	-1
721	1
722	0
723	1
724	1
725	0
726	0
727	0
728	0
729	1
730	1
731	1
732	1
733	1
734	1
735	0
736	0
737	1
738	1
739	1
740	1
741	1
742	1
743	0
744	1
745	0
746	0
747	0
748	0
749	1
750	0
751	0
752	0
753	0
754	1
755	0
756	0
757	0
758	0
759	0
760	0
761	1
762	1
763	0
764	0
765	-1
766	0
767	0
768	0
769	0
770	0
771	0
772	-1
773	-1
774	-1
775	-1
776	-1
777	0
778	0
779	-1
780	-1
781	0
782	-1
783	-1
784	-1
785	0
786	0
787	1
788	-1
789	-1
790	-1
791	-1
792	-1
793	0
794	0
795	-1
796	-1
797	-1
798	-1
799	-1
800	-1
801	-1
802	0
803	-1
804	-1
805	-1
806	0
807	-1
808	0
809	1
810	-1
811	-1
812	0
813	0
814	1
815	-1
816	0
817	0
818	-1
819	-1
820	-1
821	1
822	0
823	-1
824	1
825	-1
826	0
827	1
828	-1
829	-1
830	1
831	-1
832	0
833	1
834	1
835	-1
836	-1
837	1
838	-1
839	0
840	-1
841	-1
842	1
843	1
844	1
845	-1
846	1
847	1
848	0
849	-1
850	1
851	1
852	0
853	1
854	1
855	0
856	1
857	1
858	1
859	1
860	1
861	1
862	1
863	-1
864	1
865	1
866	1
867	1
868	0
869	0
870	0
871	1
872	0
873	0
874	1
875	0
876	1
877	1
878	0
879	1
880	0
881	0
882	0
883	0
884	-1
885	0
886	0
887	0
888	0
889	0
890	1
891	0
892	-1
893	-1
894	0
895	0
896	0
897	0
898	0
899	1
900	-1
901	-1
902	-1
903	-1
904	-1
905	0
906	0
907	1
908	0
909	-1
910	-1
911	-1
912	0
913	0
914	0
915	-1
916	0
917	-1
918	-1
919	-1
920	1
921	0
922	1
923	-1
924	-1
925	-1
926	-1
927	-1
928	0
929	-1
930	1
931	-1
932	-1
933	-1
934	0
935	-1
936	-1
937	-1
938	0
939	-1
940	-1
941	1
942	-1
943	0
944	-1
945	0
946	-1
947	0
948	-1
949	-1
950	0
951	-1
952	-1
953	-1
954	1
955	-1
956	0
957	1
958	0
959	-1
960	0
961	1
962	0
963	1
964	0
965	0
966	1
967	-1
968	1
969	1
970	1
971	0
972	0
973	1
974	0
975	1
976	1
977	-1
978	-1
979	1
980	0
981	0
982	1
983	1
984	0
985	0
986	0
987	1
988	1
989	0
990	0
991	0
992	1
993	1
994	1
995	1
996	1
997	0
998	-1
999	0
1000	0
1001	0
1002	-1
1003	0
1004	1
1005	1
1006	0
1007	-1
1008	1
1009	0
1010	-1
1011	0
1012	1
1013	0
1014	-1
1015	0
1016	1
1017	-1
1018	1
1019	0
1020	0
1021	1
1022	0
1023	0
1024	-1
1025	0
1026	0
1027	-1
1028	0
1029	-1
1030	-1
1031	-1
1032	-1
1033	0
1034	1
1035	1
1036	0
1037	-1
1038	-1
1039	-1
1040	0
1041	0
1042	1
1043	0
1044	-1
1045	0
1046	-1
1047	-1
1048	-1
1049	-1
1050	0
1051	0
1052	1
1053	0
1054	0
1055	-1
1056	-1
1057	-1
1058	-1
1059	0
1060	-1
1061	0
1062	-1
1063	-1
1064	-1
1065	-1
1066	0
1067	1
1068	-1
1069	-1
1070	0
1071	1
1072	-1
1073	0
1074	0
1075	0
1076	0
1077	0
1078	-1
1079	0
1080	-1
1081	1
1082	1
1083	0
1084	0
1085	-1
1086	0
1087	-1
1088	0
1089	1
1090	0
1091	1
1092	-1
1093	0
1094	-1
1095	-1
1096	1
1097	1
1098	1
1099	0
1100	0
1101	0
1102	-1
1103	0
1104	1
1105	1
1106	1
1107	1
1108	0
1109	-1
1110	0
1111	1
1112	1
1113	0
1114	1
1115	0
1116	1
1117	1
1118	0
1119	0
1120	1
1121	0
1122	1
1123	1
1124	0
1125	-1
1126	-1
1127	-1
1128	0
1129	-1
1130	1
1131	1
1132	1
1133	1
1134	0
1135	0
1136	0
1137	0
1138	-1
1139	0
1140	1
1141	-1
1142	0
1143	0
1144	1
1145	0
1146	1
1147	0
1148	1
1149	0
1150	-1
1151	0
1152	-1
1153	0
1154	0
1155	1
1156	0
1157	0
1158	-1
1159	-1
1160	-1
1161	-1
1162	1
1163	0
1164	0
1165	0
1166	-1
1167	-1
1168	0
1169	-1
1170	0
1171	0
1172	-1
1173	0
1174	-1
1175	-1
1176	-1
1177	0
1178	0
1179	0
1180	0
1181	0
1182	-1
1183	-1
1184	-1
1185	0
1186	0
1187	0
1188	0
1189	-1
1190	0
1191	-1
1192	-1
1193	0
1194	1
1195	0
1196	0
1197	-1
1198	-1
1199	-1
1200	-1
1201	-1
1202	-1
1203	0
1204	0
1205	-1
1206	-1
1207	-1
1208	-1
1209	0
1210	0
1211	0
1212	-1
1213	0
1214	-1
1215	0
1216	0
1217	0
1218	0
1219	-1
1220	0
1221	0
1222	0
1223	0
1224	1
1225	1
1226	1
1227	0
1228	0
1229	0
1230	0
1231	-1
1232	1
1233	1
1234	0
1235	1
1236	0
1237	0
1238	0
1239	1
1240	0
1241	1
1242	1
1243	0
1244	-1
1245	0
1246	1
1247	0
1248	0
1249	1
1250	-1
1251	1
1252	-1
1253	0
1254	0
1255	0
1256	1
1257	1
1258	-1
1259	0
1260	-1
1261	0
1262	0
1263	0
1264	1
1265	1
1266	1
1267	0
1268	0
1269	0
1270	0
1271	0
1272	1
1273	1
1274	1
1275	1
1276	1
1277	0
1278	0
1279	1
1280	0
1281	0
1282	0
1283	0
1284	0
1285	0
1286	-1
1287	-1
1288	0
1289	-1
1290	0
1291	0
1292	-1
1293	0
1294	-1
1295	1
1296	-1
1297	-1
1298	0
1299	0
1300	0
1301	0
1302	-1
1303	-1
1304	-1
1305	0
1306	0
1307	0
1308	-1
1309	-1
1310	-1
1311	0
1312	-1
1313	0
1314	0
1315	0
1316	0
1317	1
1318	-1
1319	-1
1320	0
1321	-1
1322	0
1323	0
1324	0
1325	-1
1326	0
1327	0
1328	-1
1329	0
1330	0
1331	-1
1332	0
1333	0
1334	0
1335	-1
1336	-1
1337	1
1338	-1
1339	0
1340	0
1341	0
1342	0
1343	-1
1344	1
1345	1
1346	1
1347	0
1348	0
1349	0
1350	0
1351	0
1352	-1
1353	0
1354	0
1355	0
1356	0
1357	0
1358	0
1359	0
1360	0
1361	0
1362	1
1363	1
1364	-1
1365	-1
1366	0
1367	1
1368	1
1369	0
1370	0
1371	0
1372	-1
1373	0
1374	0
1375	0
1376	1
1377	0
1378	1
1379	0
1380	0
1381	0
1382	0
1383	0
1384	0
1385	1
1386	0
1387	1
1388	0
1389	0
1390	0
1391	1
1392	1
1393	1
1394	1
1395	-1
1396	0
1397	-1
1398	0
1399	0
1400	1
1401	1
1402	1
1403	1
1404	0
1405	-1
1406	0
1407	0
1408	-1
1409	0
1410	0
1411	1
1412	-1
1413	0
1414	-1
1415	0
1416	0
1417	-1
1418	0
1419	0
1420	0
1421	0
1422	-1
1423	0
1424	0
1425	0
1426	0
1427	0
1428	0
1429	-1
1430	-1
1431	-1
1432	-1
1433	0
1434	0
1435	0
1436	0
1437	-1
1438	-1
1439	1
1440	0
1441	0
1442	-1
1443	0
1444	0
1445	-1
1446	-1
1447	0
1448	-1
1449	-1
1450	0
1451	0
1452	1
1453	0
1454	-1
1455	-1
1456	-1
1457	0
1458	-1
1459	0
1460	0
1461	0
1462	0
1463	-1
1464	0
1465	-1
1466	0
1467	0
1468	0
1469	0
1470	1
1471	0
1472	0
1473	1
1474	0
1475	0
1476	0
1477	0
1478	0
1479	1
1480	0
1481	0
1482	1
1483	0
1484	0
1485	0
1486	0
1487	-1
1488	-1
1489	1
1490	-1
1491	0
1492	0
1493	0
1494	1
1495	-1
1496	0
1497	1
1498	0
1499	-1
1500	0
1501	0
1502	0
1503	0
1504	1
1505	1
1506	-1
1507	0
1508	0
1509	0
1510	1
1511	0
1512	0
1513	1
1514	0
1515	0
1516	-1
1517	0
1518	0
1519	0
1520	0
1521	1
1522	1
1523	0
1524	1
1525	0
1526	0
1527	0
1528	1
1529	1
1530	1
1531	0
1532	0
1533	0
1534	0
1535	0
1536	-1
1537	-1
1538	0
1539	0
1540	0
1541	-1
1542	-1
1543	-1
1544	-1
1545	0
1546	0
1547	1
1548	0
1549	1
1550	-1
1551	0
1552	-1
1553	0
1554	0
1555	1
1556	1
1557	0
1558	0
1559	-1
1560	0
1561	-1
1562	0
1563	1
1564	0
1565	0
1566	-1
1567	-1
1568	0
1569	0
1570	0
1571	0
1572	0
1573	0
1574	-1
1575	0
1576	-1
1577	-1
1578	0
1579	0
1580	1
1581	0
1582	0
1583	-1
1584	0
1585	-1
1586	0
1587	0
1588	0
1589	1
1590	0
1591	0
1592	-1
1593	0
1594	-1
1595	0
1596	0
1597	0
1598	-1
1599	1
1600	0
1601	0
1602	1
1603	0
1604	-1
1605	0
1606	0
1607	0
1608	-1
1609	0
1610	0
1611	0
1612	0
1613	0
1614	0
1615	0
1616	0
1617	0
1618	0
1619	0
1620	0
1621	0
1622	0
1623	0
1624	-1
1625	1
1626	0
1627	0
1628	0
1629	1
1630	1
1631	0
1632	0
1633	1
1634	0
1635	1
1636	0
1637	0
1638	0
1639	0
1640	0
1641	1
1642	1
1643	-1
1644	0
1645	0
1646	-1
1647	0
1648	0
1649	0
1650	1
1651	0
1652	0
1653	0
1654	0
1655	0
1656	-1
1657	0
1658	1
1659	0
1660	0
1661	-1
1662	0
1663	0
1664	0
1665	0
1666	0
1667	0
1668	0
1669	0
1670	-1
1671	-1
1672	0
1673	0
1674	0
1675	0
1676	0
1677	0
1678	-1
1679	0
1680	-1
1681	0
1682	0
1683	0
1684	0
1685	1
1686	-1
1687	-1
1688	0
1689	0
1690	0
1691	0
1692	0
1693	0
1694	0
1695	-1
1696	0
1697	0
1698	0
1699	0
1700	0
1701	0
1702	0
1703	1
1704	-1
1705	0
1706	0
1707	0
1708	1
1709	0
1710	0
1711	0
1712	-1
1713	0
1714	0
1715	0
1716	1
1717	0
1718	0
1719	-1
1720	-1
1721	-1
1722	0
1723	-1
1724	0
1725	0
1726	0
1727	0
1728	-1
1729	0
1730	0
1731	0
1732	0
1733	0
1734	-1
1735	0
1736	0
1737	-1
1738	0
1739	0
1740	0
1741	0
1742	1
1743	-1
1744	-1
1745	0
1746	0
1747	0
1748	0
1749	0
1750	0
1751	1
1752	0
1753	-1
1754	1
1755	0
1756	0
1757	0
1758	0
1759	0
1760	1
1761	-1
1762	1
1763	0
1764	0
1765	0
1766	0
1767	0
1768	0
1769	1
1770	0
1771	0
1772	0
1773	0
1774	0
1775	1
1776	0
1777	-1
1778	1
1779	0
1780	0
1781	0
1782	0
1783	1
1784	0
1785	1
1786	1
1787	0
1788	0
1789	0
1790	0
1791	0
1792	0
1793	0
1794	0
1795	0
1796	0
1797	0
1798	-1
1799	-1
1800	0
1801	0
1802	0
1803	1
1804	0
1805	0
1806	-1
1807	0
1808	-1
1809	0
1810	-1
1811	0
1812	0
1813	0
1814	0
1815	0
1816	-1
1817	0
1818	0
1819	0
1820	0
1821	0
1822	0
1823	0
1824	1
1825	-1
1826	0
1827	0
1828	0
1829	0
1830	0
1831	0
1832	0
1833	0
1834	0
1835	1
1836	0
1837	0
1838	1
1839	0
1840	0
1841	1
1842	0
1843	0
1844	0
1845	0
1846	0
1847	0
1848	0
1849	-1
1850	-1
1851	0
1852	0
1853	0
1854	0
1855	0
1856	1
1857	0
1858	0
1859	0
1860	0
1861	0
1862	-1
1863	-1
1864	0
1865	1
1866	1
1867	-1
1868	-1
1869	0
1870	0
1871	1
1872	-1
1873	0
1874	0
1875	-1
1876	0
1877	0
1878	0
1879	0
1880	0
1881	-1
1882	-1
1883	0
1884	0
1885	0
1886	1
1887	-1
1888	0
1889	0
1890	-1
1891	0
1892	0
1893	0
1894	0
1895	0
1896	1
1897	1
1898	0
1899	-1
1900	0
1901	0
1902	0
1903	0
1904	1
1905	1
1906	1
1907	0
1908	0
1909	0
1910	0
1911	-1
1912	0
1913	1
1914	1
1915	0
1916	0
1917	0
1918	0
1919	0
1920	-1
1921	-1
1922	-1
1923	0
1924	0
1925	0
1926	-1
1927	-1
1928	-1
1929	-1
1930	0
1931	0
1932	0
1933	0
1934	-1
1935	-1
1936	-1
1937	-1
1938	0
1939	0
1940	0
1941	1
1942	-1
1943	-1
1944	-1
1945	-1
1946	0
1947	0
1948	0
1949	1
1950	0
1951	-1
1952	-1
1953	-1
1954	-1
1955	0
1956	0
1957	0
1958	0
1959	0
1960	-1
1961	-1
1962	-1
1963	0
1964	0
1965	1
1966	0
1967	0
1968	-1
1969	1
1970	0
1971	0
1972	0
1973	0
1974	0
1975	0
1976	-1
1977	1
1978	1
1979	0
1980	0
1981	0
1982	0
1983	0
1984	-1
1985	0
1986	0
1987	-1
1988	1
1989	0
1990	0
1991	0
1992	-1
1993	1
1994	0
1995	0
1996	0
1997	0
1998	1
1999	0
2000	-1
2001	0
2002	-1
2003	0
2004	0
2005	0
2006	1
2007	0
2008	1
2009	0
2010	-1
2011	0
2012	0
2013	0
2014	0
2015	0
2016	1
2017	0
2018	0
2019	0
2020	0
2021	0
2022	0
2023	0
2024	1
2025	1
2026	0
2027	0
2028	0
2029	0
2030	1
2031	1
2032	1
2033	1
2034	1
2035	0
2036	0
2037	0
2038	0
2039	1
2040	1
2041	1
2042	1
2043	0
2044	0
2045	0
2046	1
2047	1
